{
    "006_mustard_bottle": [
        {
            "grasp": [
                [
                    0.836893,
                    0.473804,
                    -0.274078,
                    -0.147117
                ],
                [
                    -0.363578,
                    0.106882,
                    -0.925412,
                    -0.01061
                ],
                [
                    -0.40917,
                    0.87412,
                    0.261714,
                    0.118503
                ],
                [
                    0.0,
                    0.0,
                    0.0,
                    1.0
                ]
            ]
        },
        {
            "grasp": [
                [
                    0.9065595,
                    0.3568853,
                    0.2253474,
                    -0.122102
                ],
                [
                    0.1035787,
                    0.3294645,
                    -0.9384693,
                    -0.082747
                ],
                [
                    -0.40917,
                    0.87412,
                    0.261714,
                    0.118503
                ],
                [
                    0.0,
                    0.0,
                    0.0,
                    1.0
                ]
            ]
        },
        {
            "grasp": [
                [
                    0.54298159,
                    0.4637673,
                    -0.7000645,
                    -0.13271205
                ],
                [
                    -0.733314284,
                    -0.1443394,
                    -0.6643913,
                    0.06436997
                ],
                [
                    -0.40917,
                    0.87412,
                    0.261714,
                    0.118503
                ],
                [
                    0.0,
                    0.0,
                    0.0,
                    1.0
                ]
            ]
        }
    ],
    "010_potted_meat_can": [
        {
            "grasp": [
                [
                    -0.04433625368490147, 0.029002222811551622, -0.9985955976676327, 0.29
                ],
                [
                    -0.9819353347112983, -0.1853177268299507, 0.03821437645690227, 0.0
                ],
                [
                    -0.18394916432155414, 0.9822505847259997, 0.036694601112874925, 0.0
                ],
                [
                    0.0, 0.0, 0.0, 1.0
                ]
            ]
        }
    ]
}